Function,Best Fitness,Worst Fitness,Mean Fitness,Std Dev,Robustness,Diversity,Conv. Speed,SR
Rosenbrock,22.588825085879048,142.64399695374078,45.44663488740321,37.114400575989094,1377.4787301149797,1.491625964134151,3500,0.0
