Function,Best Fitness,Worst Fitness,Mean Fitness,Std Dev,Robustness,Diversity,Conv. Speed,SR
Schwefel_2_26,2743.673880331402,6179.228342871417,4561.2559685730885,961.4692532381877,924423.1249223982,34.65751022825266,3500,0.0
