Function,Best Fitness,Worst Fitness,Mean Fitness,Std Dev,Robustness,Diversity,Conv. Speed,SR
Schwefel_2_21,0.5021142742125243,2.6065128599315623,1.3900473761665704,0.6006285564048376,0.3607546627689592,4.988572340006927,2481,0.0
