Function,Best Fitness,Worst Fitness,Mean Fitness,Std Dev,Robustness,Diversity,Conv. Speed,SR
Rastrigin,11.942941934900091,77.61300725407139,29.35715481103069,14.136224011540747,199.83282930446117,0.29016813449105416,62,0.0
