Function,Best Fitness,Worst Fitness,Mean Fitness,Std Dev,Robustness,Diversity,Conv. Speed,SR
Ackley,3.0943147413411016,8.040355190604636,5.170752462323638,1.2203373231449555,1.4892231822605955,1.5956499256061976,16,0.0
