Function,Best Fitness,Worst Fitness,Mean Fitness,Std Dev,Robustness,Diversity,Conv. Speed,SR
Schwefel_2_22,0.1043523789679578,1.6433530850297775,0.7858472007459364,0.4758255538376515,0.2264099576849078,0.5076379229776994,130,0.0
