Function,Best Fitness,Worst Fitness,Mean Fitness,Std Dev,Robustness,Diversity,Conv. Speed,SR
Goldstein-Price,-1424586.3256421157,-1256593.262263055,-1360905.925330358,70581.8326413402,4981795099.010157,0.14916384668981822,3500,0.0
