Function,Best Fitness,Worst Fitness,Mean Fitness,Std Dev,Robustness,Diversity,Conv. Speed,SR
Kowalik,0.001053479874186609,0.002160036855467659,0.001769604673551255,0.00048419216280578376,2.3444205052254262e-07,0.29638378825691547,16,0.0
