Function,Best Fitness,Worst Fitness,Mean Fitness,Std Dev,Robustness,Diversity,Conv. Speed,SR
Penalized2,0.0007475263713523988,0.05730020388447526,0.018941884942490297,0.015714018250026066,0.0002469303695621522,2.481384602280709,3500,0.0
