Function,Best Fitness,Worst Fitness,Mean Fitness,Std Dev,Robustness,Diversity,Conv. Speed,SR
Sphere,0.0010483159531378217,0.0035620890772995804,0.0018860257724228938,0.0006528111021748322,4.261623351227192e-07,4.970440421017853,3479,0.0
