Function,Best Fitness,Worst Fitness,Mean Fitness,Std Dev,Robustness,Diversity,Conv. Speed,SR
Branin,0.39788735772988915,0.3978873583808529,0.3978873578268057,1.5058902784395173e-10,2.267705530698647e-20,0.32382349486073025,3500,0.0
