Function,Best Fitness,Worst Fitness,Mean Fitness,Std Dev,Robustness,Diversity,Conv. Speed,SR
Hartman,-3.862779787161857,-3.862779774825793,-3.8627797844440175,2.7667511064164633e-09,7.654911684856724e-18,0.08702298615739976,733,0.0
