Function,Best Fitness,Worst Fitness,Mean Fitness,Std Dev,Robustness,Diversity,Conv. Speed,SR
Foxholes,0.47220582372761793,0.47220582372793646,0.4722058237276583,7.318138146799391e-14,5.3555145935640424e-27,3.804948206128928,636,0.0
