Function,Best Fitness,Worst Fitness,Mean Fitness,Std Dev,Robustness,Diversity,Conv. Speed,SR
Sphere,0.0009486719609110975,0.002902987359826292,0.001894166270434465,0.0005117638841996336,2.6190227317109597e-07,4.949561251866458,3459,0.0
