Function,Best Fitness,Worst Fitness,Mean Fitness,Std Dev,Robustness,Diversity,Conv. Speed,SR
Shekel1,-3.3223679968681474,-3.2031117359005736,-3.268720473817757,0.05930946544643768,0.003517612691542185,0.0881515308398545,6,0.0
