Function,Best Fitness,Worst Fitness,Mean Fitness,Std Dev,Robustness,Diversity,Conv. Speed,SR
Shekel4,-10.55279085212595,-10.128967853623603,-10.406806237335328,0.1276004969214236,0.016281886814594238,0.29786499902708413,10,0.0
