Function,Best Fitness,Worst Fitness,Mean Fitness,Std Dev,Robustness,Diversity,Conv. Speed,SR
Shekel2,-10.18396608536774,-10.05527455603351,-10.154016105320098,0.029350320922249238,0.0008614413382390213,0.2971179962606973,14,0.0
