Function,Best Fitness,Worst Fitness,Mean Fitness,Std Dev,Robustness,Diversity,Conv. Speed,SR
Penalized,0.0001856299991872212,4.138308631835126,1.7513607920751741,1.2729611775785588,1.620430159622191,2.517349344737575,3156,0.0
