Function,Best Fitness,Worst Fitness,Mean Fitness,Std Dev,Robustness,Diversity,Conv. Speed,SR
Camel-Back,-1.0316284534895093,-1.0316284533275597,-1.0316284534482638,4.302360009899795e-11,1.8510301654784964e-21,0.3027274503926985,241,0.0
