Function,Best Fitness,Worst Fitness,Mean Fitness,Std Dev,Robustness,Diversity,Conv. Speed,SR
Shekel3,-10.416425258771486,-10.08789890046436,-10.29686598300324,0.08741941031869835,0.007642153300468944,0.3066767168583641,10,0.0
