Function,Best Fitness,Worst Fitness,Mean Fitness,Std Dev,Robustness,Diversity,Conv. Speed,SR
Griewank,0.004318708227483592,0.052538789549240406,0.021738511418697815,0.015505908924636028,0.00024043321157910723,29.31984351241824,754,0.0
