Function,Best Fitness,Worst Fitness,Mean Fitness,Std Dev,Robustness,Diversity,Conv. Speed,SR
Schwefel_1_2,0.2242845761258194,1.7035177454972843,0.7187347909878722,0.37488886629950996,0.14054166207533186,5.024860221543571,3173,0.0
