Function,Best Fitness,Worst Fitness,Mean Fitness,Std Dev,Robustness,Diversity,Conv. Speed,SR
Quartic,0.0004333551523398116,0.0015377212203438251,0.000747974023477468,0.0002831511734138546,8.017458700564276e-08,0.10734417534118704,3500,0.0
